{
    "variants": {
        "age=0": { "model": "acblocks:sphagnum_moss_crops" },
        "age=1": { "model": "acblocks:sphagnum_moss_crops" },
        "age=2": { "model": "acblocks:sphagnum_moss_crops" },
        "age=3": { "model": "acblocks:sphagnum_moss_crops" },
        "age=4": { "model": "acblocks:sphagnum_moss_crops" },
        "age=5": { "model": "acblocks:sphagnum_moss_crops" },
        "age=6": { "model": "acblocks:sphagnum_moss_crops" },
        "age=7": { "model": "acblocks:sphagnum_moss_crops" }
    }
}
