{
    "variants": {
        "damage=0,facing=south": { "model": "acblocks:brick_red_anvil" },
        "damage=0,facing=west": { "model": "acblocks:brick_red_anvil", "y": 90 },
        "damage=0,facing=north": { "model": "acblocks:brick_red_anvil", "y": 180 },
        "damage=0,facing=east": { "model": "acblocks:brick_red_anvil", "y": 270 },
        "damage=1,facing=south": { "model": "acblocks:brick_red_anvil" },
        "damage=1,facing=west": { "model": "acblocks:brick_red_anvil", "y": 90 },
        "damage=1,facing=north": { "model": "acblocks:brick_red_anvil", "y": 180 },
        "damage=1,facing=east": { "model": "acblocks:brick_red_anvil", "y": 270 },
        "damage=2,facing=south": { "model": "acblocks:brick_red_anvil" },
        "damage=2,facing=west": { "model": "acblocks:brick_red_anvil", "y": 90 },
        "damage=2,facing=north": { "model": "acblocks:brick_red_anvil", "y": 180 },
        "damage=2,facing=east": { "model": "acblocks:brick_red_anvil", "y": 270 }
    }
}
