{
    "variants": {
        "east=false,north=false,south=false,west=false": { "model": "acblocks:stone_brick_wall_post" },
        "east=false,north=true,south=false,west=false":  { "model": "acblocks:stone_brick_wall_n" },
        "east=true,north=false,south=false,west=false":  { "model": "acblocks:stone_brick_wall_n", "y": 90, "uvlock": true },
        "east=false,north=false,south=true,west=false":  { "model": "acblocks:stone_brick_wall_n", "y": 180, "uvlock": true },
        "east=false,north=false,south=false,west=true":  { "model": "acblocks:stone_brick_wall_n", "y": 270, "uvlock": true },
        "east=true,north=true,south=false,west=false":   { "model": "acblocks:stone_brick_wall_ne" },
        "east=true,north=false,south=true,west=false":   { "model": "acblocks:stone_brick_wall_ne", "y": 90, "uvlock": true },
        "east=false,north=false,south=true,west=true":   { "model": "acblocks:stone_brick_wall_ne", "y": 180, "uvlock": true },
        "east=false,north=true,south=false,west=true":   { "model": "acblocks:stone_brick_wall_ne", "y": 270, "uvlock": true },
        "east=false,north=true,south=true,west=false":   { "model": "acblocks:stone_brick_wall_ns" },
        "east=true,north=false,south=false,west=true":   { "model": "acblocks:stone_brick_wall_ns", "y": 90, "uvlock": true },
        "east=true,north=true,south=true,west=false":    { "model": "acblocks:stone_brick_wall_nse" },
        "east=true,north=false,south=true,west=true":    { "model": "acblocks:stone_brick_wall_nse", "y": 90, "uvlock": true },
        "east=false,north=true,south=true,west=true":    { "model": "acblocks:stone_brick_wall_nse", "y": 180, "uvlock": true },
        "east=true,north=true,south=false,west=true":    { "model": "acblocks:stone_brick_wall_nse", "y": 270, "uvlock": true },
        "east=true,north=true,south=true,west=true":     { "model": "acblocks:stone_brick_wall_nsew" }
    }
}
